2023 MLB Salaries,,,,
Last,First,Pos'n,MLS,2023
Verlander, Justin,rhp-s,17.002,"$43,333,333 "
Scherzer, Max,rhp-s,14.079,"$43,333,333 "
Judge, Aaron,rf-dh,6.051,"$40,000,000 "
Rendon, Anthony,3b,9.13,"$38,571,429 "
Trout, Mike,cf,11.07,"$37,116,667 "
Cole, Gerrit,rhp-s,9.111,"$36,000,000 "
Seager, Corey,ss,7.032,"$35,500,000 "
Correa, Carlos,ss,7.119,"$33,333,333 "
Arenado, Nolan,3b,9.155,"$32,822,071 "
Strasburg, Stephen,rhp-s,12.118,"$32,500,286 "
Lindor, Francisco,ss,7.113,"$32,477,277 "
Cabrera, Miguel,dh,19.101,"$32,000,000 "
Stanton, Giancarlo,dh-rf,12.118,"$32,000,000 "
Bregman, Alex,3b,6.07,"$30,500,000 "
deGrom, Jacob,rhp-s,8.139,"$30,000,000 "
Ohtani, Shohei,rhp-s,5,"$30,000,000 "
Altuve, Jose,2b,11.072,"$29,200,000 "
Bryant, Kris,rf,7.171,"$28,000,000 "
Harper, Bryce,rf,10.159,"$27,538,462 "
Turner, Trea,ss,6.135,"$27,272,727 "
Semien, Marcus,2b,8.118,"$26,000,000 "
Bogaerts, Xander,ss,9.042,"$25,454,545 "
Goldschmidt, Paul,1b,11.059,"$25,333,333 "
Freeman, Freddie,1b,12.033,"$25,290,674 "
Votto, Joey,1b,15.027,"$25,000,000 "
Darvish, Yu,rhp-s,11,"$25,000,000 "
Stroman, Marcus,rhp-s,8.026,"$25,000,000 "
Wheeler, Zack,rhp-s,9.098,"$24,500,000 "
Corbin, Patrick,lhp-s,10.105,"$24,416,667 "
Yelich, Christian,lf,9.069,"$24,250,727 "
Springer, George,rf,8.166,"$24,166,667 "
Realmuto, J.T.,c,8.038,"$23,875,000 "
Soto, Juan,lf,4.134,"$23,000,000 "
Rodon, Carlos,lhp-s,7.168,"$22,833,333 "
Heyward, Jason,rf-cf,13,"$22,000,000 "
Baez, Javier,ss,7.089,"$22,000,000 "
Bumgarner, Madison,lhp-s,12.127,"$21,882,892 "
Donaldson, Josh,dh-3b,10.158,"$21,750,000 "
Sale, Chris,lhp-s,12.061,"$21,672,484 "
Mikolas, Miles,rhp-s,6.037,"$21,666,667 "
Betts, Mookie,rf,8.07,"$21,158,692 "
Machado, Manny,3b,10.056,"$21,090,909 "
Gausman, Kevin,rhp-s,8.151,"$21,000,000 "
Ray, Robbie,lhp-s,8.007,"$21,000,000 "
Olson, Matt,1b,5.103,"$21,000,000 "
Marte, Starling,rf,9.162,"$20,750,000 "
Kershaw, Clayton,lhp-s,14.105,"$20,000,000 "
Morton, Charlie,rhp-s,14.01,"$20,000,000 "
Perez, Salvador,c,11.05,"$20,000,000 "
Ryu, Hyun Jin,lhp-s,10,"$20,000,000 "
Castellanos, Nick,dh-of,9.029,"$20,000,000 "
Schwarber, Kyle,lf-dh,7.086,"$20,000,000 "
Story, Trevor,2b,7,"$20,000,000 "
Musgrove, Joe,rhp-s,6.063,"$20,000,000 "
Perez, Martin,lhp-s,10.038,"$19,650,000 "
Pederson, Joc,lf,8.028,"$19,650,000 "
Abreu, Jose,1b,9,"$19,500,000 "
Bassitt, Chris,rhp-s,6.13,"$19,000,000 "
Diaz, Edwin,rhp-c,6.121,"$18,640,000 "
Lynn, Lance,rhp-s,11.119,"$18,500,000 "
Nimmo, Brandon,cf,6.042,"$18,500,000 "
Grandal, Yasmani,c,10.115,"$18,250,000 "
Moustakas, Mike,3b,11.111,"$18,000,000 "
Ozuna, Marcell,dh,9.124,"$18,000,000 "
Walker, Taijuan,rhp-s,8.142,"$18,000,000 "
Conforto, Michael,dh-rf,6.043,"$18,000,000 "
Suzuki, Seiya,rf,1,"$18,000,000 "
Moncada, Yoan,3b,5.106,"$17,800,000 "
Devers, Rafael,3b,5.07,"$17,500,000 "
Eovaldi, Nathan,rhp-s,11.013,"$17,000,000 "
Rizzo, Anthony,1b,10.168,"$17,000,000 "
Acuna, Ronald,rf,4.159,"$17,000,000 "
Snell, Blake,lhp-s,6.072,"$16,600,000 "
Bell, Josh,dh-1b,6.053,"$16,500,000 "
Nola, Aaron,rhp-s,7.076,"$16,250,000 "
Jansen, Kenley,rhp-c,12.073,"$16,000,000 "
Crawford, Brandon,ss,11.094,"$16,000,000 "
Iglesias, Raisel,rhp-c,7.154,"$16,000,000 "
Berrios, Jose O.,rhp-s,6.044,"$16,000,000 "
McCullers Jr., Lance,rhp-s,7.14,"$15,950,000 "
Yoshida, Masataka,lf,0,"$15,600,000 "
Marquez, German,rhp-s,6.027,"$15,300,000 "
Buxton, Byron,dh-cf,6.16,"$15,142,857 "
LeMahieu, DJ,3b,10.128,"$15,000,000 "
Blackmon, Charlie,dh-of,10.102,"$15,000,000 "
Soler, Jorge,dh-rf,7.143,"$15,000,000 "
Gray, Jon,rhp-s,7.062,"$15,000,000 "
Taylor, Chris,cf,7.037,"$15,000,000 "
Severino, Luis,rhp-s,6.17,"$15,000,000 "
Riley, Austin,3b,3.138,"$15,000,000 "
Senga, Kodai,rhp-s,0,"$15,000,000 "
Wainwright, Adam,rhp-s,17.027,"$14,521,720 "
Hendricks, Kyle,rhp-s,8.081,"$14,500,000 "
Alonso, Pete,1b,4,"$14,500,000 "
Guerrero Jr., Vladimir,1b,3.157,"$14,500,000 "
Hendriks, Liam,rhp-c,8.164,"$14,333,333 "
Urias, Julio,lhp-s,5.117,"$14,250,000 "
Hader, Josh,lhp-c,5.115,"$14,100,000 "
Carrasco, Carlos,rhp-s,11.147,"$14,000,000 "
Pressly, Ryan,rhp-c,9.039,"$14,000,000 "
Ramirez, Jose,3b,8.074,"$14,000,000 "
Rodriguez, Eduardo,lhp-s,7.07,"$14,000,000 "
Taillon, Jameson,rhp-s,6.11,"$14,000,000 "
Swanson, Dansby,ss,6.047,"$14,000,000 "
Hernandez, Teoscar,rf,5.097,"$14,000,000 "
Muncy, Max,3b,6.027,"$13,500,000 "
Fried, Max,lhp-s,4.148,"$13,500,000 "
Gray, Sonny,rhp-s,9.061,"$13,100,000 "
Hosmer, Eric,1b,11.146,"$13,000,000 "
Quintana, Jose,lhp-s,10.133,"$13,000,000 "
Syndergaard, Noah,rhp-s,7.149,"$13,000,000 "
Anderson, Tyler,lhp-s,7.065,"$13,000,000 "
Wood, Alex,lhp-s,9.123,"$12,500,000 "
Odorizzi, Jake,rhp-s,9.042,"$12,500,000 "
Manaea, Sean,lhp-s,6.157,"$12,500,000 "
Anderson, Tim,ss,6.115,"$12,500,000 "
Stripling, Ross,rhp-s,6.115,"$12,500,000 "
Bellinger, Cody,cf,5.16,"$12,500,000 "
Chapman, Matt,3b,5.109,"$12,500,000 "
McCann, James,c,8.028,"$12,150,000 "
Brantley, Michael,dh-lf,12.131,"$12,000,000 "
Garcia, Avisail,rf,9.167,"$12,000,000 "
DeSclafani, Anthony,rhp-s,8.062,"$12,000,000 "
Heaney, Andrew,lhp-s,7.15,"$12,000,000 "
Hoskins, Rhys,1b,5.053,"$12,000,000 "
Renfroe, Hunter,rf,5.165,"$11,900,000 "
Marte, Ketel,2b,6.162,"$11,600,000 "
La Stella, Tommy,2b-3b,8.057,"$11,500,000 "
Canha, Mark,lf,7.092,"$11,500,000 "
Montero, Rafael,rhp,6.138,"$11,500,000 "
Castillo, Luis,rhp-s,5.101,"$11,400,000 "
Suarez, Eugenio,3b,8.061,"$11,285,714 "
Gallo, Joey,rf,6.103,"$11,000,000 "
Eflin, Zach,rhp-s,6.018,"$11,000,000 "
Crawford, J.P.,ss,4.163,"$11,000,000 "
Happ, Ian,lf,5.036,"$10,850,000 "
Woodruff, Brandon,rhp-s,4.161,"$10,800,000 "
Hicks, Aaron,lf,9.041,"$10,785,714 "
Matz, Steven,lhp-s,7.099,"$10,500,000 "
Freeland, Kyle,lhp-s,5.144,"$10,500,000 "
Giolito, Lucas,rhp-s,5.08,"$10,400,000 "
Ahmed, Nick,ss,8.054,"$10,375,000 "
Grichuk, Randal,cf,8.033,"$10,333,333 "
Jimenez, Eloy,dh-lf,4,"$10,333,333 "
Bieber, Shane,rhp-s,4.097,"$10,010,000 "
Burnes, Corbin,rhp-s,4.049,"$10,010,000 "
Robertson, David,rhp-c,13.119,"$10,000,000 "
Kimbrel, Craig,rhp-c,11.161,"$10,000,000 "
Martinez, J.D.,dh-rf,11.036,"$10,000,000 "
Kluber, Corey,rhp-s,10.074,"$10,000,000 "
Pomeranz, Drew,lhp,10.013,"$10,000,000 "
Wong, Kolten,2b,9.045,"$10,000,000 "
Gibson, Kyle,rhp-s,9.039,"$10,000,000 "
Hernandez, Kike,ss,8.054,"$10,000,000 "
Vazquez, Christian,c,8.031,"$10,000,000 "
Boyd, Matt,lhp-s,6.136,"$10,000,000 "
Contreras, Willson,c,6.108,"$10,000,000 "
Montgomery, Jordan,lhp-s,5.153,"$10,000,000 "
Martinez, Nick,rhp-s,4.002,"$10,000,000 "
Kikuchi, Yusei,lhp-s,4,"$10,000,000 "
Hayes, Ke'Bryan,3b,2.075,"$10,000,000 "
Suarez, Robert,rhp,1,"$10,000,000 "
Torres, Gleyber,2b,4.162,"$9,950,000 "
Escobar, Eduardo,3b,10.128,"$9,500,000 "
Bard, Daniel,rhp-c,6.103,"$9,500,000 "
Robert Jr., Luis,cf,3,"$9,500,000 "
Belt, Brandon,dh,11.128,"$9,300,000 "
DeJong, Paul,ss,5.057,"$9,166,667 "
Cobb, Alex,rhp-s,11.061,"$9,000,000 "
Kelly, Joe,rhp,10.029,"$9,000,000 "
Kiermaier, Kevin,cf,8.131,"$9,000,000 "
Rosario, Eddie,lf,7.12,"$9,000,000 "
Rogers, Taylor,lhp,6.145,"$9,000,000 "
McMahon, Ryan,2b,5.006,"$9,000,000 "
Adames, Willy,ss,4.105,"$8,700,000 "
Benintendi, Andrew,lf,6.062,"$8,600,000 "
Greinke, Zack,rhp-s,18.057,"$8,500,000 "
Lyles, Jordan,rhp-s,11.002,"$8,500,000 "
Lorenzen, Michael,rhp-s,7.159,"$8,500,000 "
Kepler, Max,lf,6.152,"$8,500,000 "
Drury, Brandon,3b,6.001,"$8,500,000 "
Kelly, Merrill,rhp-s,4,"$8,500,000 "
Urshela, Gio,ss,5.127,"$8,400,000 "
Barnes, Matt,rhp,7.11,"$8,375,000 "
Turner, Justin,dh-3b,12.045,"$8,300,000 "
Winker, Jesse,dh-lf,5.08,"$8,250,000 "
Buehler, Walker,rhp,4.168,"$8,025,000 "
Hill, Rich,lhp-s,13.127,"$8,000,000 "
Smyly, Drew,lhp-s,10.143,"$8,000,000 "
d'Arnaud, Travis,c,9.044,"$8,000,000 "
Treinen, Blake,rhp,8.065,"$8,000,000 "
Graveman, Kendall,rhp,7.078,"$8,000,000 "
Neris, Hector,rhp,7.068,"$8,000,000 "
Narvaez, Omar,c,6.089,"$8,000,000 "
Frazier, Adam,2b-of,6.075,"$8,000,000 "
Haniger, Mitch,rf,6.048,"$8,000,000 "
Clevinger, Mike,rhp-s,6.033,"$8,000,000 "
Martin, Chris,rhp,5.133,"$8,000,000 "
Flexen, Chris,rhp-s,2.107,"$8,000,000 "
Alvarez, Yordan,lf-dh,3.113,"$7,833,333 "
Rosario, Amed,ss,5.062,"$7,800,000 "
Profar, Jurickson,lf,8.165,"$7,710,778 "
Moore, Matt,lhp-s,10,"$7,550,000 "
Loup, Aaron,lhp,10.04,"$7,500,000 "
Wacha, Michael,rhp-s,9.062,"$7,500,000 "
Schoop, Jonathan,2b,9.027,"$7,500,000 "
Cron, C.J.,1b,8.097,"$7,500,000 "
Lugo, Seth,rhp-s,6.082,"$7,500,000 "
Strahm, Matt,lhp-s,6.064,"$7,500,000 "
Polanco, Jorge,2b,6.024,"$7,500,000 "
Dozier, Hunter,3b,5.06,"$7,500,000 "
Mahle, Tyler,rhp-s,5.018,"$7,500,000 "
Montas, Frankie,rhp-s,5.015,"$7,500,000 "
Santander, Anthony,rf,4.162,"$7,400,000 "
Senzatela, Antonio,rhp-s,5.106,"$7,250,000 "
Pollock, AJ,dh-of,10.052,"$7,000,000 "
May, Trevor,rhp,8.012,"$7,000,000 "
Tepera, Ryan,rhp,7.008,"$7,000,000 "
Duvall, Adam,cf,6.151,"$7,000,000 "
Stassi, Max,c,6.049,"$7,000,000 "
Mancini, Trey,dh-1b,6.015,"$7,000,000 "
Margot, Manuel,rf,6.012,"$7,000,000 "
Albies, Ozzie,2b,5.062,"$7,000,000 "
Kim, Ha-Seong,2b,2,"$7,000,000 "
Tatis Jr., Fernando,rf,3.127,"$6,923,963 "
Valdez, Framber,lhp-s,3.163,"$6,800,000 "
Merrifield, Whit,2b,6.101,"$6,750,000 "
Estevez, Carlos,rhp-c,6.022,"$6,750,000 "
Gonzales, Marco,lhp-s,5.102,"$6,750,000 "
Reynolds, Bryan,lf,3.163,"$6,750,000 "
Santana, Carlos,1b-dh,12.115,"$6,725,000 "
Ottavino, Adam,rhp,11.087,"$6,647,002 "
Hudson, Daniel,rhp,12.106,"$6,500,000 "
Carpenter, Matt,dh-1b,10.145,"$6,500,000 "
Segura, Jean,3b,10.065,"$6,500,000 "
Flores, Wilmer,2b-3b,9.003,"$6,500,000 "
Peralta, David,lf,8.12,"$6,500,000 "
Diaz, Aledmys,ss,6.1,"$6,500,000 "
Walker, Christian,1b,4.124,"$6,500,000 "
Alcantara, Sandy,rhp-s,4.1,"$6,300,000 "
Verdugo, Alex,rf,4.078,"$6,300,000 "
McNeil, Jeff,2b,4.069,"$6,250,000 "
Rodriguez, Julio,cf,1,"$6,185,714 "
Yastrzemski, Mike,cf,3.128,"$6,100,000 "
Arraez, Luis,2b,3.121,"$6,100,000 "
Cueto, Johnny,rhp-s,14.143,"$6,000,000 "
Melancon, Mark,rhp-c,12.098,"$6,000,000 "
Gomes, Yan,c,10.083,"$6,000,000 "
Myers, Wil,rf,9.104,"$6,000,000 "
Zunino, Mike,c,8.165,"$6,000,000 "
Yates, Kirby,rhp,8.021,"$6,000,000 "
Pham, Tommy,of,7.107,"$6,000,000 "
Leclerc, Jose,rhp-c,6.041,"$6,000,000 "
Williams, Trevor,rhp-s,6.027,"$6,000,000 "
Wendle, Joey,ss,5.088,"$6,000,000 "
Kiner-Falefa, Isiah,ss,5,"$6,000,000 "
Diaz, Yandy,1b,4.122,"$6,000,000 "
Fletcher, David,ss,4.111,"$6,000,000 "
Gurriel Jr., Lourdes,dh,4.094,"$5,828,571 "
Keller, Brad,rhp-s,5,"$5,775,000 "
Kahnle, Tommy,rhp,7.131,"$5,750,000 "
Cease, Dylan,rhp-s,3.089,"$5,700,000 "
Gallen, Zac,rhp-s,3.1,"$5,600,000 "
Farmer, Kyle,inf,4.129,"$5,585,000 "
Quantrill, Cal,rhp-s,3.132,"$5,550,000 "
Chafin, Andrew,lhp,8.02,"$5,500,000 "
Garcia, Yimi,rhp,7.149,"$5,500,000 "
Diaz, Elias,c,6.088,"$5,500,000 "
Lopez, Pablo,rhp-s,4.093,"$5,450,000 "
Flaherty, Jack,rhp-s,5.006,"$5,400,000 "
Glasnow, Tyler,rhp-s,5.158,"$5,350,000 "
Pivetta, Nick,rhp-s,4.166,"$5,350,000 "
Barlow, Scott,rhp,4.03,"$5,300,000 "
Lowe, Brandon,2b,4.058,"$5,250,000 "
SmithC, Will,c,3.09,"$5,250,000 "
Bader, Harrison,cf,5.03,"$5,200,000 "
Lauer, Eric,lhp-s,4.033,"$5,075,000 "
McCutchen, Andrew,rf,13.123,"$5,000,000 "
Maldonado, Martin,c,10.156,"$5,000,000 "
McHugh, Collin,rhp,8.085,"$5,000,000 "
Hedges, Austin,c,6.166,"$5,000,000 "
Lamet, Dinelson,rhp-s,5.07,"$5,000,000 "
Candelario, Jeimer,3b,5.038,"$5,000,000 "
Johnson, Pierce,rhp,3.137,"$5,000,000 "
Tucker, Kyle,rf,3.079,"$5,000,000 "
Harris II, Michael,cf,0.131,"$5,000,000 "
O'Neill, Tyler,72000017,4.059,"$4,950,000 "
Tellez, Rowdy,1b,4.004,"$4,950,000 "
Gallegos, Giovanny,rhp,4.085,"$4,750,000 "
Davies, Zach,rhp-s,7.02,"$4,700,000 "
Urias, Luis,3b,3.12,"$4,700,000 "
Choi, Ji Man,dh-1b,5.076,"$4,650,000 "
Webb, Logan,rhp-s,3.044,"$4,600,000 "
Romano, Jordan,rhp-c,3.051,"$4,537,500 "
Taylor, Michael A.,cf,7.129,"$4,500,000 "
Pina, Manny,c,7.046,"$4,500,000 "
Peterson, Jace,3b,6.142,"$4,500,000 "
Raley, Brooks,lhp,3.045,"$4,500,000 "
Meadows, Austin,rf,4.074,"$4,300,000 "
Minter, A.J.,lhp,4.154,"$4,287,500 "
Kelly, Carson,c,4.161,"$4,275,000 "
Rojas, Miguel,ss,8.043,"$4,250,000 "
Cronenworth, Jake,1b,3,"$4,225,000 "
Davis, J.D.,3b,4.137,"$4,210,000 "
Cooper, Garrett,1b,5.053,"$4,200,000 "
Edman, Tommy,ss,3.114,"$4,200,000 "
Arozarena, Randy,lf,2.129,"$4,150,000 "
Trivino, Lou,rhp,4.163,"$4,100,000 "
Sewald, Paul,rhp-c,4.072,"$4,100,000 "
France, Ty,1b,3.089,"$4,100,000 "
Mullins, Cedric,cf,3.078,"$4,100,000 "
Lowe, Nathaniel,1b,2.145,"$4,050,000 "
Longoria, Evan,3b,14.17,"$4,000,000 "
Miller, Brad,dh-inf,9.004,"$4,000,000 "
Paxton, James,lhp-s,8.151,"$4,000,000 "
Fulmer, Michael,rhp,6.157,"$4,000,000 "
Springs, Jeffrey,lhp-s,4.055,"$4,000,000 "
Murphy, Sean,c,3.029,"$4,000,000 "
Bichette, Bo,ss,3.063,"$3,933,333 "
Soto, Gregory,lhp,3.102,"$3,925,000 "
Floro, Dylan,rhp-c,5.053,"$3,900,000 "
Garver, Mitch,c-dh,5.045,"$3,900,000 "
Chapman, Aroldis,lhp-c,12.009,"$3,750,000 "
Garcia, Luis,rhp,7.007,"$3,750,000 "
Bummer, Aaron,lhp,4.15,"$3,750,000 "
Peralta, Freddy,rhp-s,4.09,"$3,735,000 "
Kemp, Tony,2b,5.098,"$3,725,000 "
Lopez, Nicky,2b,3.139,"$3,700,000 "
Fairbanks, Pete,rhp-c,3.057,"$3,666,666 "
Lopez, Reynaldo,rhp,5.004,"$3,625,000 "
Stanek, Ryne,rhp,5.038,"$3,600,000 "
Houser, Adrian,rhp,4.01,"$3,600,000 "
Laureano, Ramon,rf,3.165,"$3,550,000 "
Lopez, Jorge,rhp,4.102,"$3,525,000 "
Miley, Wade,lhp-s,11.025,"$3,500,000 "
Diekman, Jake,lhp,10.05,"$3,500,000 "
Barnes, Austin,c,6.098,"$3,500,000 "
Castro, Miguel,rhp,6.079,"$3,500,000 "
Bleier, Richard,lhp,6.074,"$3,500,000 "
Pagan, Emilio,rhp,5.091,"$3,500,000 "
Anderson, Brian,rf,5.031,"$3,500,000 "
Jansen, Danny,c,4.05,"$3,500,000 "
Alvarado, Jose,lhp,5.082,"$3,466,667 "
Javier, Cristian,rhp-s,3,"$3,400,000 "
Peralta, Wandy,lhp,5.168,"$3,350,000 "
Stallings, Jacob,c,4.149,"$3,350,000 "
Naylor, Josh,1b,3.127,"$3,350,000 "
Williams, Devin,rhp-c,3.056,"$3,350,000 "
Holmes, Clay,rhp-c,4.031,"$3,300,000 "
Barnhart, Tucker,c,8.075,"$3,250,000 "
Gonsolin, Tony,rhp-s,2.152,"$3,250,000 "
Fujinami, Shintaro,rhp-s,0,"$3,250,000 "
Slater, Austin,of,4.147,"$3,200,000 "
Cortes, Nestor,lhp-s,3.094,"$3,200,000 "
Hays, Austin,lf,3.057,"$3,200,000 "
Grisham, Trent,cf,3.06,"$3,175,000 "
Velasquez, Vince,rhp-s,7.086,"$3,150,000 "
Cimber, Adam,rhp,4.156,"$3,150,000 "
Maeda, Kenta,rhp-s,7,"$3,125,000 "
Varsho, Daulton,lf,2.128,"$3,050,000 "
Mondesi, Adalberto,ss,5.088,"$3,045,000 "
Urquidy, Jose,rhp-s,3.049,"$3,025,000 "
Andrus, Elvis,2b,14,"$3,000,000 "
Pillar, Kevin,cf,8.072,"$3,000,000 "
Bass, Anthony,rhp,8.01,"$3,000,000 "
Givens, Mychal,rhp,7.069,"$3,000,000 "
Urena, Jose,rhp-s,6.165,"$3,000,000 "
Aguilar, Jesus,1b,6.082,"$3,000,000 "
Jackson, Luke,rhp,6.019,"$3,000,000 "
Suter, Brent,lhp,5.161,"$3,000,000 "
Yarbrough, Ryan,lhp-s,4.117,"$3,000,000 "
VerHagen, Drew,rhp,4.066,"$3,000,000 "
White, Evan,1b,2.144,"$3,000,000 "
Rucinski, Drew,rhp,0.162,"$3,000,000 "
Ruf, Darin,,,"$3,000,000 "
Means, John,lhp-s,4.007,"$2,975,000 "
Castillo, Diego,rhp,4.118,"$2,950,000 "
Suarez, Ranger,lhp-s,3.112,"$2,950,000 "
Plesac, Zach,rhp-s,3.086,"$2,950,000 "
Singer, Brady,rhp-s,2.156,"$2,950,000 "
Straw, Myles,cf,3.112,"$2,900,000 "
Scott, Tanner,lhp-c,4.059,"$2,825,000 "
Stratton, Chris,rhp,5.1,"$2,800,000 "
Caratini, Victor,c,5.051,"$2,800,000 "
Junis, Jakob,rhp-s,5.002,"$2,800,000 "
Soroka, Michael,rhp-s,4.122,"$2,800,000 "
Biggio, Cavan,2b,3.129,"$2,800,000 "
Jimenez, Joe,rhp,5.061,"$2,765,000 "
Ward, Taylor,lf,2.164,"$2,750,000 "
Sandoval, Patrick,lhp-s,2.149,"$2,750,000 "
Rodgers, Brendan,ss,3.075,"$2,700,000 "
Newman, Kevin,ss,4.046,"$2,662,500 "
Cessa, Luis,rhp-s,5.131,"$2,650,000 "
Garrett, Amir,lhp,5.099,"$2,650,000 "
Hudson, Dakota,rhp-s,4.062,"$2,650,000 "
Walsh, Jared,1b,3.01,"$2,650,000 "
German, Domingo,rhp-s,4.017,"$2,600,000 "
Civale, Aaron,rhp-s,3.058,"$2,600,000 "
Rojas, Josh,2b,2.152,"$2,575,000 "
Maton, Phil,rhp,5.047,"$2,550,000 "
Hoerner, Nico,2b,3.014,"$2,525,000 "
Perez, Roberto,c,8.083,"$2,500,000 "
Casali, Curt,c,6.151,"$2,500,000 "
Garcia, Jarlin,lhp,5.114,"$2,500,000 "
Dominguez, Seranthony,rhp,4.131,"$2,500,000 "
Paddack, Chris,rhp-s,4,"$2,500,000 "
McGough, Scott,rhp,0.046,"$2,500,000 "
Franco, Wander,ss,1.104,"$2,454,546 "
Luzardo, Jesus,lhp-s,2.165,"$2,450,000 "
Keller, Mitch,rhp-s,3.026,"$2,437,500 "
Thielbar, Caleb,lhp,4.131,"$2,400,000 "
Trevino, Jose,c,3.063,"$2,360,000 "
Nola, Austin,c,3.106,"$2,350,000 "
Robles, Victor,cf,4.033,"$2,325,000 "
Finnegan, Kyle,rhp-c,3,"$2,325,000 "
Arcia, Orlando,ss,5.114,"$2,300,000 "
Brebbia, John,rhp,5.078,"$2,300,000 "
Rengifo, Luis,2b,3.043,"$2,300,000 "
Cisnero, Jose,rhp,5.02,"$2,287,500 "
Brubaker, JT,rhp,3,"$2,275,000 "
Loaisiga, Jonathan,rhp,4.022,"$2,262,500 "
Kennedy, Ian,rhp,13.124,"$2,250,000 "
Dickerson, Corey,lf,9.101,"$2,250,000 "
Green, Chad,rhp,6.05,"$2,250,000 "
Edwards, Carl,rhp,5.169,"$2,250,000 "
Estrada, Thairo,2b,2.169,"$2,250,000 "
Ramirez, Harold,dh-of,3.124,"$2,200,000 "
Thomas, Lane,rf,3.014,"$2,200,000 "
Bubic, Kris,lhp-s,2.135,"$2,200,000 "
Mejia, Francisco,c,4.062,"$2,155,000 "
Turnbull, Spencer,rhp-s,4.02,"$2,150,000 "
Helsley, Ryan,rhp-c,3.105,"$2,150,000 "
Berti, Jon,lf-3b,3.168,"$2,100,000 "
Mayza, Tim,lhp,3.156,"$2,100,000 "
Espinal, Santiago,2b,2.149,"$2,100,000 "
Moore, Dylan,3b,4,"$2,083,333 "
Kittredge, Andrew,rhp,4.07,"$2,075,000 "
Kopech, Michael,rhp-s,3.041,"$2,050,000 "
Harrison, Josh,2b,10.168,"$2,000,000 "
Boxberger, Brad,rhp,9.033,"$2,000,000 "
Grossman, Robbie,lf,8.06,"$2,000,000 "
Solano, Donovan,2b-3b,7.081,"$2,000,000 "
Kuhl, Chad,rhp-s,6.079,"$2,000,000 "
Weaver, Luke,rhp,5.112,"$2,000,000 "
Brasier, Ryan,rhp,5.109,"$2,000,000 "
Tapia, Raimel,of,5.02,"$2,000,000 "
Voit, Luke,dh-1b,4.169,"$2,000,000 "
Reyes, Franmil,dh-rf,4.115,"$2,000,000 "
Smith, Dominic,1b,4.081,"$2,000,000 "
Arroyo, Christian,2b,4.036,"$2,000,000 "
Mateo, Jorge,ss,3,"$2,000,000 "
Senzel, Nick,of-3b,3.15,"$1,950,000 "
Blackburn, Paul,rhp-s,3.018,"$1,900,000 "
Sampson, Adrian,rhp,2.117,"$1,900,000 "
Clase, Emmanuel,rhp-c,2.059,"$1,900,000 "
Alexander, Tyler,lhp,3.058,"$1,875,000 "
Bush, Matt,rhp,4.132,"$1,850,000 "
Hill, Tim,lhp,4.112,"$1,850,000 "
Voth, Austin,rhp,3.127,"$1,850,000 "
Hicks, Jordan,rhp-s,5,"$1,837,500 "
Castro, Willi,inf-of,3.017,"$1,800,000 "
Adam, Jason,rhp,2.132,"$1,775,000 "
Hunter, Tommy,rhp,12.156,"$1,750,000 "
Stephenson, Robert,rhp,5.049,"$1,750,000 "
Farmer, Buck,rhp,5.14,"$1,725,000 "
Munoz, Andres,rhp,3.08,"$1,687,500 "
May, Dustin,rhp-s,3.059,"$1,675,000 "
Rogers, Tyler,rhp,3.034,"$1,675,000 "
Gomber, Austin,lhp,3.111,"$1,650,000 "
Murphy, Tom,c,5.092,"$1,625,000 "
Carroll, Corbin,lf,0.038,"$1,625,000 "
Lewis, Kyle,of,2.146,"$1,610,000 "
Nido, Tomas,c,4.089,"$1,600,000 "
Hernandez, Elieser,rhp,4.051,"$1,600,000 "
Guillorme, Luis,inf,3.167,"$1,600,000 "
Gimenez, Andres,2b,2.106,"$1,571,429 "
Luetge, Lucas,lhp,4.015,"$1,550,000 "
Familia, Jeurys,rhp,10.008,"$1,500,000 "
SmithP, Will,lhp,9.155,"$1,500,000 "
Hand, Brad,lhp,9.092,"$1,500,000 "
Duffy, Matt,ss,7.059,"$1,500,000 "
Miller, Shelby,rhp-s,7.016,"$1,500,000 "
Vogelbach, Daniel,dh-1b,4.138,"$1,500,000 "
Richards, Trevor,rhp-s,4.084,"$1,500,000 "
Almonte, Yency,rhp,3.143,"$1,500,000 "
Rainey, Tanner,rhp,3.127,"$1,500,000 "
Rodriguez, Joely,lhp,3.096,"$1,500,000 "
Tate, Dillon,rhp,3.048,"$1,500,000 "
Karinchak, James,rhp,2.169,"$1,500,000 "
Higashioka, Kyle,c,4.005,"$1,462,500 "
Hearn, Taylor,lhp,3.125,"$1,462,500 "
Thompson, Trayce,of,3.01,"$1,450,000 "
Luplow, Jordan,of,4.108,"$1,400,000 "
Locastro, Tim,2b-of,3.122,"$1,400,000 "
Brosseau, Mike,3b,3.031,"$1,400,000 "
Dubon, Mauricio,2b,2.162,"$1,400,000 "
Beeks, Jalen,lhp,4.07,"$1,375,000 "
Wade Jr., LaMonte,1b,3.035,"$1,375,000 "
Ruiz, Keibert,c,1.064,"$1,375,000 "
Bethancourt, Christian,c,3.038,"$1,350,000 "
Stephan, Trevor,rhp,2,"$1,350,000 "
Alberto, Hanser,2b,6.085,"$1,300,000 "
Smith, Drew,rhp,4.034,"$1,300,000 "
Castro, Harold,3b,3.141,"$1,300,000 "
King, Michael,rhp,3.004,"$1,300,000 "
Phillips, Evan,rhp,2.136,"$1,300,000 "
Chirinos, Yonny,rhp-s,4.137,"$1,275,000 "
Martin, Brett,lhp,3.151,"$1,275,000 "
Sims, Lucas,rhp,4.014,"$1,267,500 "
Lamb, Jake,1b,7.14,"$1,250,000 "
Shreve, Chasen,lhp,6.079,"$1,250,000 "
Gurriel, Yuli,1b,6.043,"$1,250,000 "
Jankowski, Travis,cf,5.153,"$1,250,000 "
Dahl, David,lf,4.116,"$1,250,000 "
Gallagher, Cam,c,4.073,"$1,250,000 "
Swanson, Erik,rhp,3.096,"$1,250,000 "
Beaty, Matt,1b,3.086,"$1,250,000 "
Toro, Abraham,3b,2.149,"$1,250,000 "
Whitlock, Garrett,rhp-s,2,"$1,250,000 "
McGuire, Reese,c,3.027,"$1,225,000 "
Graterol, Brusdar,rhp-c,2.167,"$1,225,000 "
Madrigal, Nick,2b,2.164,"$1,225,000 "
Chavez, Jesse,rhp,12.038,"$1,200,000 "
Nelson, Jimmy,rhp,8.107,"$1,200,000 "
Armstrong, Shawn,rhp,4.113,"$1,200,000 "
Gott, Trevor,rhp,4.057,"$1,200,000 "
Refsnyder, Rob,2b-of,4.048,"$1,200,000 "
Matzek, Tyler,lhp,4.019,"$1,200,000 "
Kinley, Tyler,rhp,4.014,"$1,200,000 "
Phillips, Brett,of,3.15,"$1,200,000 "
Torrens, Luis,c,3.091,"$1,200,000 "
Ashby, Aaron,lhp,1.046,"$1,200,000 "
Maile, Luke,c,5.148,"$1,175,000 "
Poche, Colin,lhp,3.109,"$1,175,000 "
Alexander, Scott,lhp,5.08,"$1,150,000 "
Lucchesi, Joey,lhp-s,4.067,"$1,150,000 "
Clarke, Taylor,rhp,3.12,"$1,150,000 "
Young, Alex,lhp,2.143,"$1,150,000 "
Ferguson, Caleb,lhp,4.088,"$1,100,000 "
Knizner, Andrew,c,3.021,"$1,100,000 "
Blach, Ty,lhp-s,3.007,"$1,100,000 "
Barria, Jaime,rhp,3.035,"$1,050,000 "
Taylor, Josh,lhp,3.121,"$1,025,000 "
Staumont, Josh,rhp,3.072,"$1,025,000 "
Milner, Hoby,lhp,3.068,"$1,025,000 "
Underwood Jr., Duane,rhp,3.044,"$1,025,000 "
Cruz, Nelson,dh-rf,15.082,"$1,000,000 "
Adrianza, Ehire,ss,8.131,"$1,000,000 "
Ramirez, Erasmo,rhp,7.169,"$1,000,000 "
Engel, Adam,of,5.058,"$1,000,000 "
Reyes, Alex,rhp-s,5.056,"$1,000,000 "
Cordero, Franchy,cf-rf,4.092,"$1,000,000 "
Coulombe, Daniel,lhp,4.008,"$1,000,000 "
Santana, Dennis,rhp,3.095,"$1,000,000 "
Chavis, Michael,3b,3.089,"$1,000,000 "
Law, Derek,rhp,3.081,"$1,000,000 "
Thornton, Trent,rhp-s,3.073,"$1,000,000 "
Wingenter, Trey,rhp,3.053,"$1,000,000 "
Rios, Edwin,3b,3.003,"$1,000,000 "
Thompson, Ryan,rhp,3,"$1,000,000 "
Mendick, Danny,ss,2.168,"$1,000,000 "
Strider, Spencer,rhp-s,1.003,"$1,000,000 "
Vosler, Jason,3b,0.109,"$1,000,000 "
Hernandez, Jonathan,rhp,3.041,"$995,000 "
Vargas, Ildemaro,2b,3.007,"$975,000 "
Cave, Jake,rf,3.137,"$950,000 "
Cabrera, Genesis,lhp,3.011,"$950,000 "
Sosa, Edmundo,ss,2.14,"$950,000 "
Ruiz, Jose,rhp,3.048,"$925,000 "
Arano, Victor,rhp,3.022,"$925,000 "
Bradley, Jackie Jr.,cf,8.15,"$900,000 "
Dunn, Justin,rhp,3.016,"$900,000 "
Bemboom, Anthony,c,1.132,"$900,000 "
Anderson, Nick,rhp,3.153,"$875,000 "
Harvey, Hunter,rhp,3.047,"$870,000 "
Bellatti, Andrew,rhp,1.083,"$859,000 "
Wilson, Justin,lhp,10.035,"$850,000 "
Chargois, JT,rhp,3.101,"$850,000 "
Canning, Griffin,rhp,3.075,"$850,000 "
Chang, Yu-Cheng,ss,3.007,"$850,000 "
Banda, Anthony,lhp,2.137,"$850,000 "
Leiter Jr., Mark,rhp,2.031,"$850,000 "
Brentz, Jake,lhp,2,"$850,000 "
Taylor, Blake,lhp,3,"$830,000 "
Sulser, Cole,rhp,3.028,"$825,000 "
De Jong, Chase,rhp,2.061,"$820,000 "
Odor, Rougned,2b,8.121,"$800,000 "
Morejon, Adrian,lhp,3.013,"$800,000 "
Alcala, Jorge,rhp,3.014,"$790,000 "
Heuer, Codi,rhp,3,"$785,000 "
Coonrod, Sam,rhp,3.078,"$775,000 "
Curtiss, John,rhp,3.045,"$775,000 "
Motter, Taylor,of,1.113,"$775,000 "
Antone, Tejay,rhp,3,"$770,000 "
Kirk, Alejandro,c,2.047,"$767,300 "
Gilbert, Logan,rhp-s,1.144,"$767,300 "
Garcia, Luis,rhp-s,2.083,"$763,200 "
Wisdom, Patrick,3b-1b,2.058,"$763,000 "
Brigham, Jeff,rhp,3.01,"$760,000 "
India, Jonathan,2b,2,"$760,000 "
Vaughn, Andrew,1b,2,"$760,000 "
Raleigh, Cal,c,1.085,"$758,300 "
Kirby, George,rhp-s,0.135,"$758,300 "
Mantiply, Joe,lhp,2.049,"$756,000 "
Pena, Jeremy,ss,1,"$754,900 "
McCormick, Chas,cf,2,"$752,500 "
Rogers, Trevor,lhp-s,2.094,"$752,000 "
Allard, Kolby,lhp,2.162,"$750,000 "
Peterson, David,lhp-s,2.125,"$750,000 "
Lux, Gavin,ss,2.114,"$750,000 "
Feyereisen, J.P.,rhp,2.108,"$750,000 "
Vesia, Alex,lhp,2.103,"$750,000 "
Hilliard, Sam,rf,2.094,"$750,000 "
Suarez, Jose,lhp-s,2.084,"$750,000 "
Herget, Jimmy,rhp,2.079,"$750,000 "
Tonkin, Michael,rhp,2.074,"$750,000 "
Wright, Kyle,rhp-s,2.062,"$750,000 "
Quijada, Jose,lhp,2.046,"$750,000 "
Crismatt, Nabil,rhp,2.033,"$750,000 "
Schreiber, John,rhp,2.027,"$750,000 "
De Los Santos, Enyel,rhp,2.015,"$750,000 "
Ynoa, Huascar,rhp,2.011,"$750,000 "
Viloria, Meibrys,c,1.096,"$750,000 "
Zastryzny, Rob,lhp,0.118,"$750,000 "
Chisholm Jr., Jazz,cf,2.075,"$749,500 "
Bohm, Alec,3b,2.106,"$748,000 "
Garcia, Adolis,rf,2.095,"$747,760 "
Ginkel, Kevin,rhp,2.033,"$746,600 "
Witt Jr., Bobby,ss,1,"$745,750 "
Heim, Jonah,c,2.097,"$745,660 "
Manoah, Alek,rhp-s,1.13,"$745,650 "
Abreu, Bryan,rhp,2.022,"$745,200 "
Bednar, David,rhp-c,2.076,"$745,000 "
Nelson, Nick,rhp,2.049,"$745,000 "
Crowe, Wil,rhp,2.011,"$745,000 "
Alzolay, Adbert,rhp-s,2.05,"$744,750 "
Skubal, Tarik,lhp,2.114,"$743,700 "
White, Mitch,rhp,1.087,"$743,000 "
Dunning, Dane,rhp,2.083,"$742,840 "
Burke, Brock,lhp,2.065,"$742,840 "
Effross, Scott,rhp,1.037,"$742,750 "
Carlson, Dylan,cf,2.104,"$742,400 "
Pop, Zach,rhp,1.094,"$742,200 "
Cabrera, Oswaldo,2b-3b,0.05,"$742,100 "
Jeffers, Ryan,c,2.089,"$741,650 "
Stubbs, Garrett,c,2.12,"$741,000 "
Olivares, Edward,lf,2.055,"$740,750 "
Schmidt, Clarke,rhp-s,1.148,"$740,475 "
Haase, Eric,c,2.072,"$740,100 "
Perez, Carlos,c,2.167,"$740,000 "
Fraley, Jake,dh,2.097,"$740,000 "
Stephenson, Tyler,c,2.056,"$740,000 "
Steele, Justin,lhp-s,1.143,"$740,000 "
Bickford, Phil,rhp,1.134,"$740,000 "
Thompson, Keegan,rhp,1.131,"$740,000 "
Houck, Tanner,rhp,1.1,"$740,000 "
Rodriguez, Chris,rhp,1.085,"$740,000 "
Wantz, Andrew,rhp,1.065,"$740,000 "
Detmers, Reid,lhp-s,1.059,"$740,000 "
Davidson, Tucker,lhp,1.039,"$740,000 "
Thaiss, Matt,c,1.038,"$740,000 "
Marinaccio, Ron,rhp,0.154,"$739,900 "
Woodford, Jake,rhp-s,2.052,"$739,800 "
McKenzie, Triston,rhp-s,2.074,"$739,500 "
Okert, Steven,lhp,2.109,"$739,000 "
Contreras, William,c,1.106,"$739,000 "
Brogdon, Connor,rhp,2.067,"$738,750 "
Abreu, Albert,rhp,1.118,"$738,700 "
Garcia, Luis,2b,1.164,"$738,600 "
Perdomo, Geraldo,ss,1.015,"$738,600 "
Bender, Anthony,rhp,1.153,"$738,500 "
Mountcastle, Ryan,1b,2.105,"$738,400 "
Sanchez, Jesus,of,1.118,"$738,000 "
Irvin, Cole,lhp-s,2.12,"$737,600 "
Merryweather, Julian,rhp,2.109,"$737,000 "
McClanahan, Shane,lhp-s,1.158,"$737,000 "
Rucker, Michael,rhp,1.033,"$737,000 "
Otto, Glenn,rhp-s,1.033,"$736,340 "
Puk, A.J.,lhp,2.124,"$736,000 "
De La Cruz, Bryan,lf,1.056,"$736,000 "
Kirilloff, Alex,1b,1.141,"$735,650 "
McCarthy, Jake,rf,0.17,"$735,600 "
Taylor, Tyrone,of,2.093,"$735,400 "
Gordon, Nick,ss,1.136,"$735,400 "
Thomas, Alek,cf,0.151,"$735,200 "
Paredes, Isaac,3b,1.16,"$735,000 "
Joe, Connor,1b,1.136,"$735,000 "
Lambert, Jimmy,rhp,1.134,"$735,000 "
Bart, Joey,c,1.094,"$735,000 "
Oviedo, Johan,rhp-s,1.079,"$735,000 "
Gonzalez, Luis,of,1.076,"$735,000 "
Sheets, Gavin,1b,1.073,"$735,000 "
Doval, Camilo,rhp-c,1.071,"$735,000 "
Tapia, Domingo,rhp,0.168,"$735,000 "
Urias, Ramon,2b,2.025,"$734,700 "
McKinstry, Zach,2b,1.099,"$734,500 "
Marsh, Brandon,cf,1.078,"$734,500 "
Stott, Bryson,2b,0.171,"$734,500 "
Mize, Casey,rhp-s,2.111,"$734,200 "
Foster, Matt,rhp,2.093,"$734,000 "
Rutschman, Adley,c,1,"$733,900 "
Larnach, Trevor,of,1.101,"$733,650 "
Howard, Spencer,rhp,2.033,"$733,455 "
Sborz, Josh,rhp,2.055,"$733,450 "
Taveras, Leody,cf,1.124,"$733,445 "
Kieboom, Carter,ss,2.086,"$733,400 "
Jax, Griffin,rhp,1.091,"$733,150 "
Crochet, Garrett,lhp,2.028,"$733,000 "
Falter, Bailey,lhp-s,1.032,"$733,000 "
Wilson, Bryse,rhp-s,2.036,"$732,600 "
Ridings, Stephen,rhp,1.014,"$732,500 "
Alexander, Jason,rhp,0.103,"$732,500 "
Perez, Cionel,lhp,2.085,"$732,400 "
Wells, Tyler,rhp-s,2,"$732,400 "
Nootbaar, Lars,lf,1.076,"$732,400 "
Zavala, Seby,c,1.045,"$732,000 "
Meyers, Jake,lf,1.044,"$732,000 "
Garrett, Braxton,lhp,0.168,"$732,000 "
Bautista, Felix,rhp-c,1,"$731,800 "
Coleman, Dylan,rhp,1.014,"$731,750 "
Siri, Jose,cf,1.015,"$731,600 "
Celestino, Gilberto,cf,1.057,"$731,450 "
Kremer, Dean,rhp-s,1.112,"$731,200 "
Akin, Keegan,lhp,2.083,"$731,100 "
Miller, Owen,2b,1.091,"$731,100 "
Cabrera, Edward,rhp-s,0.168,"$731,000 "
Payamps, Joel,rhp,2.027,"$730,500 "
Hernandez, Carlos,rhp,1.145,"$730,250 "
Lynch, Daniel,lhp-s,1.083,"$730,250 "
Ryan, Joe,rhp-s,1.033,"$730,250 "
Hentges, Sam,lhp,1.157,"$730,200 "
Martinez, Seth,rhp,0.152,"$730,200 "
Castillo, Jose,lhp,3.125,"$730,000 "
Brown, Seth,dh-1b,2.104,"$730,000 "
Daza, Yonathan,of,2.101,"$730,000 "
Kaprielian, James,rhp-s,2.004,"$730,000 "
Gutierrez, Vladimir,rhp,1.127,"$730,000 "
Santillan, Tony,rhp,1.09,"$730,000 "
Rortvedt, Ben,c,1.086,"$730,000 "
Barrero, Jose,ss,1.082,"$730,000 "
Gibaut, Ian,rhp,1.077,"$730,000 "
Gray, Josiah,rhp-s,1.075,"$730,000 "
Kuhnel, Joel,rhp,1.041,"$730,000 "
Overton, Connor,rhp-s,1.041,"$730,000 "
Diaz, Alexis,rhp-c,1,"$730,000 "
Greene, Hunter,rhp-s,1,"$730,000 "
Lodolo, Nick,lhp-s,1,"$730,000 "
Nogosek, Stephen,rhp,0.165,"$730,000 "
Lee, Dylan,lhp,0.15,"$730,000 "
Fortes, Nick,c,0.149,"$730,000 "
Crawford, Kutter,rhp-s,0.136,"$730,000 "
Marte, Jose,rhp,0.109,"$730,000 "
O'Hoppe, Logan,c,0.008,"$730,000 "
Daniel, Davis,rhp,0.002,"$730,000 "
Nance, Tommy,rhp,1.036,"$729,500 "
Bello, Brayan,rhp-s,0.082,"$729,500 "
Kelenic, Jarred,lf,0.169,"$729,400 "
Manning, Matt,rhp-s,1.098,"$729,200 "
Baker, Bryan,rhp,1.008,"$729,000 "
Nelson, Kyle,lhp,1.076,"$728,900 "
Adams, Riley,c,1.05,"$728,800 "
Naughton, Packy,lhp,1.003,"$728,750 "
Pallante, Andre,rhp,1,"$728,600 "
Donovan, Brendan,2b,0.164,"$728,600 "
Florial, Estevan,of,0.088,"$728,500 "
Martin, Corbin,rhp,1.079,"$728,400 "
Bradish, Kyle,rhp-s,0.16,"$728,100 "
Hughes, Brandon,lhp,0.141,"$728,000 "
Miranda, Jose,3b,0.157,"$727,850 "
Greene, Riley,cf,0.11,"$727,800 "
Walls, Taylor,ss,1.092,"$727,600 "
Weathers, Ryan,lhp,1.001,"$727,600 "
Isbel, Kyle,cf,1.042,"$727,500 "
Mills, Wyatt,rhp,0.134,"$727,500 "
Kwan, Steven,lf,1,"$727,300 "
Vierling, Matt,lf,1.026,"$727,100 "
Lewis, Royce,ss,0.142,"$727,100 "
Smith, Josh H.,ss-2b,0.111,"$727,095 "
Fleming, Josh,lhp-s,2.008,"$727,000 "
Morgan, Eli,rhp,1.108,"$727,000 "
Murfee, Penn,rhp,0.169,"$727,000 "
Gorman, Nolan,inf-dh,0.139,"$726,950 "
Trammell, Taylor,of,1.029,"$726,700 "
Haggerty, Sam,2b,2.093,"$726,600 "
Maton, Nick,3b,1.034,"$726,600 "
Melendez, MJ,rf-c,0.153,"$726,500 "
Wilson, Steven,rhp,1,"$726,400 "
Strzelecki, Peter,rhp,0.081,"$726,400 "
Foley, Jason,rhp,1.026,"$726,200 "
Moran, Jovani,lhp,0.124,"$726,200 "
Rogers, Jake,c,2.04,"$726,000 "
Sandlin, Nick,rhp,1.152,"$726,000 "
Lange, Alex,rhp-c,1.112,"$726,000 "
Cuas, Jose,rhp,0.123,"$726,000 "
McKenna, Ryan,of,1.135,"$725,800 "
Brash, Matt,rhp-s,0.121,"$725,800 "
Winder, Josh,rhp,0.113,"$725,650 "
Pasquantino, Vinnie,1b,0.101,"$725,500 "
Marte, Yunior,rhp,0.091,"$725,500 "
Festa, Matt,rhp,1.085,"$725,200 "
Cleavinger, Garrett,lhp,1.06,"$725,100 "
Gilbreath, Lucas,lhp,1.147,"$725,000 "
Moll, Sam,lhp,1.075,"$725,000 "
Rooker, Brent,of,1.059,"$725,000 "
Acevedo, Domingo,rhp,1.033,"$725,000 "
Jimenez, Dany,rhp-c,1.031,"$725,000 "
Snead, Kirby,lhp,1.009,"$725,000 "
Jackson, Zach,rhp,1,"$725,000 "
Rolison, Ryan,lhp,1,"$725,000 "
Honeywell, Brent,rhp,0.166,"$725,000 "
Kranick, Max,rhp,0.159,"$725,000 "
Holderman, Colin,rhp,0.13,"$725,000 "
Castro, Rodolfo,2b,0.127,"$725,000 "
Moreta, Dauri,rhp,0.12,"$725,000 "
Sanchez, Cristopher,lhp,0.12,"$725,000 "
Suwinski, Jack,cf,0.118,"$725,000 "
Smith-Njigba, Canaan,of,0.115,"$725,000 "
Contreras, Roansy,rhp-s,0.112,"$725,000 "
Thompson, Zack,lhp,0.1,"$725,000 "
Brown, Hunter,rhp,0.035,"$725,000 "
Bae, Ji Hwan,2b,0.013,"$725,000 "
Guerra, Javier,rhp,2.11,"$724,500 "
Hall, Darick,1b,0.061,"$724,500 "
Thompson, Mason,rhp,1.046,"$724,400 "
Brieske, Beau,rhp,0.166,"$724,400 "
Thompson, Bubba,of,0.063,"$724,305 "
Herrera, Jose,c,0.124,"$724,300 "
Mitchell, Garrett,cf,0.04,"$724,300 "
Abrams, CJ,ss,0.13,"$724,200 "
Duran, Ezequiel,2b,0.072,"$724,170 "
Ragans, Cole,lhp,0.063,"$724,145 "
Brazoban, Huascar,rhp,0.074,"$724,000 "
Hummel, Cooper,lf,0.132,"$723,800 "
Villar, David,3b,0.067,"$723,750 "
Szapucki, Thomas,lhp,0.061,"$723,750 "
Azocar, Jose,lf-cf,0.149,"$723,700 "
Carpenter, Kerry,of,0.057,"$723,700 "
Sands, Cole,rhp,0.073,"$723,650 "
Baz, Shane,rhp-s,1.014,"$723,600 "
Jameson, Drey,rhp,0.021,"$723,600 "
Marchan, Rafael,c,0.164,"$723,500 "
Vasquez, Andrew,lhp,0.139,"$723,500 "
Kelly, Zack,rhp,0.038,"$723,500 "
Casas, Triston,1b,0.032,"$723,500 "
Wentz, Joey,lhp,0.03,"$723,500 "
Gil, Luis,rhp,0.073,"$723,400 "
Gore, MacKenzie,lhp-s,1,"$723,300 "
Meneses, Joey,dh-1b,0.065,"$723,300 "
Lowe, Josh,3b,0.093,"$723,200 "
Henderson, Gunnar,3b,0.036,"$723,200 "
Torkelson, Spencer,1b,0.137,"$723,100 "
Nevin, Tyler,3b,0.133,"$723,000 "
Gonzalez, Romy,2b,0.083,"$723,000 "
Nardi, Andrew,lhp,0.053,"$723,000 "
Massey, Michael,2b,0.068,"$722,850 "
Campusano, Luis,c,0.144,"$722,700 "
Nelson, Ryne,rhp-s,0.031,"$722,700 "
Gonzalez, Oscar,rf,0.133,"$722,600 "
Hensley, David,ss-3b,0.047,"$722,600 "
Sanmartin, Reiver,lhp,0.147,"$722,500 "
Ashcraft, Graham,rhp-s,0.136,"$722,500 "
Fairchild, Stuart,of,0.136,"$722,500 "
Friedl, TJ,lf,0.112,"$722,500 "
Moreno, Gabriel,c,0.061,"$722,500 "
Vargas, Miguel,2b,0.041,"$722,500 "
Jackson, Andre,rhp,0.039,"$722,500 "
Montes de Oca, Bryce,rhp,0.033,"$722,500 "
Guthrie, Dalton,ss,0.032,"$722,500 "
Grove, Michael,rhp,0.031,"$722,500 "
Pepiot, Ryan,rhp-s,0.022,"$722,500 "
Outman, James,cf,0.006,"$722,500 "
Waters, Drew,of,0.045,"$722,400 "
Raley, Luke,rf,0.106,"$722,300 "
Hill, Garrett,rhp,0.082,"$722,300 "
Baumann, Mike,rhp,0.081,"$722,300 "
Eaton, Nate,of,0.058,"$722,200 "
Stowers, Kyle,dh-of,0.052,"$722,200 "
Vavra, Terrin,2b,0.072,"$722,100 "
Lawrence, Justin,rhp,0.167,"$722,000 "
Feltner, Ryan,rhp-s,0.143,"$722,000 "
Serven, Brian,c,0.142,"$722,000 "
Trejo, Alan,ss,0.119,"$722,000 "
Bird, Jake,rhp,0.117,"$722,000 "
Montero, Elehuris,3b,0.097,"$722,000 "
Wong, Connor,c,0.079,"$722,000 "
Winckowski, Josh,rhp,0.074,"$722,000 "
Ort, Kaleb,rhp,0.072,"$722,000 "
Bouchard, Sean,1b,0.068,"$722,000 "
Seabold, Connor,rhp,0.058,"$722,000 "
Tovar, Ezequiel,ss,0.014,"$722,000 "
Call, Alex,cf,0.075,"$721,800 "
Mushinski, Parker,lhp,0.071,"$721,800 "
Kreidler, Ryan,ss,0.035,"$721,600 "
Meyer, Max,rhp,0.082,"$721,500 "
Faucher, Calvin,rhp,0.07,"$721,500 "
Assad, Javier,rhp,0.044,"$721,500 "
Wesneski, Hayden,rhp-s,0.031,"$721,500 "
Jung, Josh,3b,0.027,"$721,485 "
Burleson, Alec,of,0.029,"$721,450 "
Zerpa, Angel,lhp,0.082,"$721,400 "
Gillaspie, Logan,rhp,0.047,"$721,200 "
Blanco, Ronel,rhp,0.025,"$721,200 "
Roberts, Ethan,rhp,1,"$721,000 "
Vargas, Carlos,rhp,0.123,"$721,000 "
Henriquez, Ronny,rhp,0.018,"$720,900 "
Mastrobuoni, Miles,2b,0.014,"$720,500 "
Rosario, Eguy,2b,0.041,"$720,400 "
Rodriguez, Wilking,rhp,0.008,"$720,400 "
Diaz, Yainer,c,0.035,"$720,300 "
Morris, Cody,rhp,1,"$720,200 "
Cavalli, Cade,rhp,0.041,"$720,200 "
Pineda, Israel,c,0.027,"$720,200 "
Gaddis, Hunter,rhp,0.022,"$720,100 "
Arias, Gabriel,ss,0.019,"$720,100 "
Brennan, Will,of,0.015,"$720,100 "
Curry, Xzavion,rhp,0.003,"$720,100 "
Cordero, Jimmy,rhp,2.136,"$720,000 "
Duran, Jhoan,rhp-c,1,"$720,000 "
Oller, Adam,rhp,0.128,"$720,000 "
Allen, Nick,ss,0.126,"$720,000 "
Cruz, Oneil,ss,0.11,"$720,000 "
Delay, Jason,c,0.095,"$720,000 "
Sears, JP,lhp,0.081,"$720,000 "
Benson, Will,cf,0.066,"$720,000 "
Santos, Gregory,rhp,0.055,"$720,000 "
Martinez, Adrian,rhp,0.054,"$720,000 "
Langeliers, Shea,c,0.051,"$720,000 "
Muller, Kyle,lhp-s,0.046,"$720,000 "
Capel, Conner,lf,0.044,"$720,000 "
Cruz, Fernando,rhp,0.035,"$720,000 "
Steer, Spencer,3b,0.035,"$720,000 "
Waldichuk, Ken,lhp-s,0.035,"$720,000 "
Ruiz, Esteury,cf,0.029,"$720,000 "
Tarnok, Freddy,rhp,0.002,"$720,000 "
Brito, Jhony,rhp,0,"$720,000 "
Colas, Oscar,rf,0,"$720,000 "
Englert, Mason,rhp,0,"$720,000 "
Enright, Nic,rhp,0,"$720,000 "
Harris, Hobie,rhp,0,"$720,000 "
Hernandez, Diego,of,0,"$720,000 "
Hernandez, Jose,lhp,0,"$720,000 "
Herrin, Tim,lhp,0,"$720,000 "
Julks, Corey,3b-of,0,"$720,000 "
Kelly, Kevin,rhp,0,"$720,000 "
Lukes, Nathan,of,0,"$720,000 "
Noda, Ryan,1b,0,"$720,000 "
Pacheco, Freddy,rhp,0,"$720,000 "
Sabol, Blake,of,0,"$720,000 "
Salazar, Cesar,c-1b,0,"$720,000 "
Shuster, Jared,lhp-s,0,"$720,000 "
Song, Noah,rhp,0,"$720,000 "
Turang, Brice,2b,0,"$720,000 "
Varland, Gus,rhp,0,"$720,000 "
Volpe, Anthony,ss,0,"$720,000 "
Walker, Jordan,rf,0,"$720,000 "
Ward, Thaddeus,rhp,0,"$720,000 "
Wisely, Brett,ss,0,"$720,000 "
Abbott, Cory,rhp,0.084,
Abreu, Wilyer,of,0,
Acuna, Luisangel,ss,0,
Adell, Jo,of,1.162,
Adon, Joan,rhp,0.068,
Alcantara, Kevin,of,0,
Alexander, Blaze,ss,0,
Alexy, A.J.,rhp,0.055,
Alu, Jake,inf,0,
Alvarez, Francisco,c,0.006,
Amaya, Jacob,2b-ss,0.001,
Amaya, Miguel,c,0,
Anderson, Ian,rhp,2.046,
Aranda, Jonathan,2b,0.047,
Avila, Pedro,rhp,0.025,
Baddoo, Akii,of,1.119,
Balazovic, Jordan,rhp,0,
Banks, Tanner,lhp,0.137,
Bannon, Rylan,2b,0.028,
Barger, Addison,ss-3b,0,
Barlow, Joe,rhp,1.103,
Barrosa, Jorge,lf,0,
Basabe, Osleivis,ss,0,
Batten, Matthew,2b,0.058,
Baty, Brett,3b,0.05,
Beck, Tristan,rhp,0,
Beer, Seth,of,0.078,
Bernabel, Warming,ss,0,
Bernardino, Brennan,lhp,0.005,
Berroa, Prelander,rhp,0,
Bielak, Brandon,rhp-s,2.032,
Bleday, JJ,of,0.075,
Bowlan, Jonathan,rhp,0,
Bradley, Taj,rhp,0,
Bride, Jonah,1b,0.114,
Brito, Juan,ss,0,
Brown, Ben,rhp,0,
Bruihl, Justin,lhp,0.146,
Brujan, Vidal,2b,0.085,
Burdick, Peyton,of,0.047,
Burger, Jake,3b,0.127,
Burrows, Michael,rhp,0,
Busch, Michael,2b,0,
Butler, Lawrence,1b-of,0,
Butto, Jose,rhp,0.002,
Calvo, Blair,rhp,0,
Campbell, Isaiah,rhp,0,
Canario, Alexander,of,0,
Cano, Yennier,rhp,0.065,
Canterino, Matt,rhp,0,
Cantillo, Joey,lhp,0,
Carreras, Julio,3b-ss,0,
Cartaya, Diego,c,0,
Castillo, Diego,3b,0.139,
Castillo, Max,rhp,0.056,
Clase, Jonatan,of,0,
Clemens, Kody,2b,0.12,
Cosgrove, Tom,lhp,0,
Cousins, Jake,rhp,1.09,
Cronin, Matt,lhp,0,
Cruz, Jose,rhp,0,
Dalbec, Bobby,3b,2.073,
Danner, Hagen,c,0,
Davis, Brennen,of,0,
Davis, Noah,rhp,0.02,
De La Cruz, Elly,ss-3b,0,
De La Rosa, Jeremy,cf,0,
De Los Santos, Yerry,rhp,0.136,
DeLuca, Jonny,lf,0,
Denoyer, Noah,rhp,0,
Diaz, Isan,ss,1.089,
Diaz, Jordan,3b,0.018,
Dixon, Brandon,2b-lf,1.151,
Downs, Jeter,ss,0.024,
Doyle, Brenton,of,0,
Dubin, Shawn,rhp,0,
Duran, Jarren,cf,0.16,
Edwards, Xavier,ss,0,
Elder, Bryce,rhp,0.04,
Elledge, Seth,rhp,0.16,
Encarnacion, Jerar,rf,0.053,
Espino, Paolo,rhp,2.075,
Estrada, Jeremiah,rhp,0.037,
Faedo, Alex,rhp,0.051,
Felipe, Angel,rhp,0,
Fermin, Freddy,c,0.004,
Fermin, Jose,ss,0,
Ferrer, Jose,lhp,0,
Fletcher, Domininc,rf,0,
France, J.P.,rhp,0,
Freeman, Tyler,ss,0.064,
Frias, Luis,rhp,0.067,
Gage, Matt,lhp,0.032,
Garcia, Deivi,rhp,0.061,
Garcia, Dermis,3b,0.069,
Garcia, Maikel,ss,0.015,
Garrett, Stone,of,0.05,
Garza, Justin,rhp,0.102,
German, Franklin,rhp,0.019,
Gomez, Moises,cf,0,
Gomez, Yoendrys,rhp,0,
Gonzalez, Victor,lhp,2.103,
Grissom, Vaughn,ss-3b,0.057,
Groome, Jay,lhp,0,
Groshans, Jordan,ss,0.023,
Hall, DL,lhp,0.036,
Hamilton, David,ss-2b,0,
Hampson, Garrett,2b-ss,4.03,
Harris, Dustin,1b-3b,0,
Harris, Hogan,lhp,0,
Hatch, Thomas,rhp,1.125,
Headrick, Brent,lhp,0,
Heasley, Jonathan,rhp-s,0.143,
Henry, Payton,c,0.066,
Henry, Tommy,lhp,0.049,
Hernandez, Yonny,ss,0.109,
Herrera, Ivan,c,0.029,
Hjelle, Sean,rhp,0.025,
Hollowell, Gavin,rhp,0.018,
Holton, Tyler,lhp,0.047,
Horwitz, Spencer,1b,0,
Huff, Sam,c,1.07,
Ingram, Kolton,lhp,0,
Irvin, Jake,rhp,0,
Jackson, Jay,rhp,1.105,
Jensen, Ryan,rhp,0,
Jimenez, Leo,ss,0,
Johnson, Seth,rhp,0,
Jones, Greg,ss,0,
Jones, Nolan,3b,0.045,
Julien, Edouard,2b,0,
Junk, Janson,rhp,0.048,
Karcher, Ricky,rhp,0,
Kelley, Trevor,rhp,0.168,
Kent, Zak,rhp,0,
Kerr, Ray,lhp,0.037,
Kilian, Caleb,rhp,0.008,
King, John,lhp,2.026,
Knehr, Reiss,rhp,0.079,
Kowar, Jackson,rhp-s,0.089,
Krehbiel, Joey,rhp,1.019,
Krook, Matt,lhp,0,
Lambert, Peter,rhp,2.166,
Lavastida, Bryan,c,0.018,
Lee, Korey,c,0.032,
Legumina, Casey,rhp,0,
Leonard, Eddys,ss,0,
Liberatore, Matthew,lhp,0.028,
Lipcius, Andre,2b,0,
Long, Sam,lhp,1.045,
Lopez, Otto,2b,0.045,
Lovelady, Richard,lhp,1.026,
Luciano, Marco,ss,0,
Marcano, Tucupita,2b,0.141,
Marlowe, Cade,lf,0,
Marsh, Alec,rhp,0,
Marte, Noelvi,ss,0,
Martin, Davis,rhp,0.052,
Martinez, Angel,ss,0,
Martinez, Justin,rhp,0,
Martinez, Orelvis,ss,0,
Mata, Bryan,rhp,0,
Mathias, Mark,2b,1.153,
Matos, Luis,of,0,
Mauricio, Ronny,ss,0,
McArthur, James,rhp,0.099,
McGee, Easton,rhp,0.007,
Mead, Curtis,3b-1b,0,
Meadows, Parker,of,0,
Mears, Nick,rhp,1.079,
Medina, Luis,rhp,0,
Megill, Trevor,rhp,1.074,
Megill, Tylor,rhp,1.103,
Miller, Tyson,rhp,0.037,
Mitchell, Cal,of,0.096,
Moniak, Mickey,of,1.056,
Morel, Christopher,3b,0.142,
Munoz, Roddery,rhp,0,
Murphy, Chris,lhp,0,
Muzziotti, Simon,cf,0.056,
Naylor, Bo,c,0.005,
Noel, Jhonkensy,1b-3b,0,
Ober, Bailey,rhp,1.124,
Olson, Reese,rhp,0,
Ornelas, Jonathan,3b,0,
Ortiz, Jhailyn,rf,0,
Ortiz, Joey,ss,0,
Ortiz, Luis,rhp,0.058,
Ortiz, Luis,rhp,0.019,
Pache, Cristian,of,1.031,
Padilla, Nick,rhp,0.028,
Pages, Andy,of,0,
Palacios, Richie,2b,0.11,
Paredes, Enoli,rhp,1.103,
Patino, Luis,rhp,2.026,
Pearson, Nate,rhp,2.061,
Peguero, Elvis,rhp,0.073,
Peguero, Liover,ss,0.003,
Peraza, Oswald,ss,0.035,
Pereira, Everson,cf,0,
Perez, Carlos,c,0.019,
Perez, Joe,rhp,0.007,
Perez, Wenceel,2b,0,
Perkins, Blake,cf,0,
Pilkington, Konnor,lhp,0.057,
Pint, Riley,rhp,0,
Pinto, Rene,c,0.077,
Plassmeyer, Michael,lhp,0.003,
Pratto, Nick,1b,0.08,
Rafaela, Ceddanne,3b-of,0,
Ramirez, Yohan,rhp,2.001,
Ramos, Bryan,3b,0,
Ramos, Heliot,of,0.027,
Reynolds, Sean,rhp,0,
Richardson, Lyon,rhp,0,
Rivera, Emmanuel,3b-1b,1.058,
Robinson, Cam,rhp,0,
Rocchio, Brayan,ss,0,
Rodriguez, Endy,c,0,
Rodriguez, Grayson,rhp,0,
Rodriguez, Jose,ss,0,
Rodriguez, Randy,rhp,0,
Rodriguez, Yerry,rhp,0.005,
Rojas, Johan,of,0,
Rom, Drew,lhp,0,
Romero, JoJo,lhp,2.101,
Rutledge, Jackson,rhp,0,
Sanchez, Sixto,rhp-s,0.103,
Sands, Donny,c,0.035,
Saucedo, Tayler,lhp,1.112,
Selby, Colin,rhp,0,
Shewmake, Braden,ss,0,
Short, Zack,ss,0.102,
Siani, Michael,of,0.015,
Silseth, Chase,rhp,0.04,
Simpson, Josh,lhp,0,
Small, Ethan,lhp,0.003,
Smith, Chad,rhp,0.054,
Smith, Kevin,ss,0.114,
Smith, Pavin,1b,1.149,
Snider, Collin,rhp,0.114,
Soriano, George,rhp,0,
Soriano, Jose,rhp,1,
Sosa, Lenyn,2b-ss,0.017,
Soto, Livan,ss,0.019,
Sousa, Bennett,lhp,0.068,
Speier, Gabe,lhp,1.03,
Stefanic, Michael,2b,0.048,
Stevenson, Cal,lf-cf,0.028,
Stiever, Jonathan,rhp,1.028,
Stoudt, Levi,rhp,0,
Sullivan, Brett,c-of,0,
Swaggerty, Travis,of,0.008,
Taylor, Samad,2b,0,
Tena, Jose,ss,0,
Then, Juan,rhp,0,
Thomas, Conner,lhp,0,
Thompson, Zach,rhp,1.121,
Toglia, Michael,1b,0.037,
Topa, Justin,rhp,2.044,
Triolo, Jared,3b,0,
Tromp, Chadwick,c,1.104,
Uelmen, Erich,rhp,0.081,
Uribe, Abner,rhp,0,
Valdez, Enmanuel,3b,0,
Valera, George,rf,0,
Vanasco, Ricky,rhp,0,
Varland, Louie,rhp,0.015,
Vasquez, Randy,rhp,0,
Velazquez, Andrew,ss-3b,2.126,
Velazquez, Nelson,of,0.111,
Vespi, Nick,lhp,0.072,
Vest, Will,rhp,1.108,
Vientos, Mark,3b,0.026,
Villalobos, Eli,rhp,0,
Vines, Darius,rhp,0,
Vivas, Jorbit,2b,0,
Waites, Cole,rhp,0.024,
Wallner, Matt,of,0.019,
Walsh, Jake,rhp,0.013,
Walter, Brandon,lhp,0,
Watkins, Spenser,rhp,1.071,
Weems, Jordan,rhp,1.108,
Weiss, Zack,rhp,0.044,
Weissert, Greg,rhp,0.041,
White, Brendan,rhp,0,
White, Colby,rhp,0,
White, Eli,2b,2.065,
White, Owen,rhp,0,
Whitley, Forrest,rhp,0,
Williamson, Brandon,lhp,0,
Winn, Cole,rhp,0,
Winn, Keaton,rhp,0,
Woods-Richardson, Simeon,rhp,0.004,
Yepez, Juan,1b,0.127,
Zimmermann, Bruce,lhp-s,1.105,
Zulueta, Yosver,rhp,0,
Zuniga, Guillermo,rhp,0,